region,task,model,threshold,accuracy,balanced_accuracy,precision,recall,f1,roc_auc,pr_auc,tn,fp,fn,tp,candidate_test,onset_test,onset_prevalence_test,val_f1
태백,onset_0_to_1,No-Onset Baseline,,0.9965152678518694,0.5,0.0,0.0,0.0,0.5,0.003484732148130648,16872,0,59,0,16931,59,0.003484732148130648,
태백,onset_0_to_1,XGBoost-Onset,0.8999999999999999,0.9913177012580474,0.6747358978068166,0.16153846153846155,0.3559322033898305,0.2222222222222222,0.9626087952359139,0.14280565583595548,16763,109,38,21,16931,59,0.003484732148130648,0.26373626373626374
태백,onset_0_to_1,1D-CNN-Onset,0.95,0.9950372208436724,0.5837082338092736,0.2222222222222222,0.1694915254237288,0.19230769230769232,0.9014111397945843,0.11700826502705865,16832,35,49,10,16926,59,0.0034857615502776793,0.3448275862068966
태백,onset_0_to_1,LSTM-Onset,0.95,0.9920241049273307,0.5990862711562945,0.12,0.2033898305084746,0.1509433962264151,0.9436930803605074,0.10230399434747904,16779,88,47,12,16926,59,0.0034857615502776793,0.2597402597402597
대관령,onset_0_to_1,No-Onset Baseline,,0.9845139435000907,0.5,0.0,0.0,0.0,0.5,0.015486056499909261,16275,0,256,0,16531,256,0.015486056499909261,
대관령,onset_0_to_1,XGBoost-Onset,0.8999999999999999,0.9819127699473716,0.5909543010752688,0.34532374100719426,0.1875,0.2430379746835443,0.933643793202765,0.21075775845186498,16184,91,208,48,16531,256,0.015486056499909261,0.2185792349726776
대관령,onset_0_to_1,1D-CNN-Onset,0.82,0.9719230303763766,0.6358649930854333,0.20786516853932585,0.2890625,0.24183006535947713,0.9040138099262445,0.15221607639182788,15988,282,182,74,16526,256,0.015490741861309451,0.20606060606060606
대관령,onset_0_to_1,LSTM-Onset,0.9099999999999999,0.9763403122352656,0.6111948755377996,0.23529411764705882,0.234375,0.23483365949119372,0.9065894860172097,0.16311463239726298,16075,195,196,60,16526,256,0.015490741861309451,0.19672131147540983
백령도,onset_0_to_1,No-Onset Baseline,,0.9869885085425913,0.5,0.0,0.0,0.0,0.5,0.013011491457408646,16233,0,214,0,16447,214,0.013011491457408646,
백령도,onset_0_to_1,XGBoost-Onset,0.8599999999999999,0.9697209217486472,0.7610131029960315,0.22586872586872586,0.5467289719626168,0.319672131147541,0.9562040748884094,0.24707789508324862,15832,401,97,117,16447,214,0.013011491457408646,0.3473684210526316
백령도,onset_0_to_1,1D-CNN-Onset,0.8099999999999999,0.965697603697847,0.7266968479540381,0.18525179856115107,0.48130841121495327,0.2675324675324675,0.9463826223971951,0.1864724637984879,15775,453,111,103,16442,214,0.013015448242306289,0.26570048309178745
백령도,onset_0_to_1,LSTM-Onset,0.8099999999999999,0.9577302031383044,0.7641620920573418,0.1673582295988935,0.5654205607476636,0.25827107790821774,0.9413549674152671,0.18002317499797374,15626,602,93,121,16442,214,0.013015448242306289,0.26506024096385544
인천,onset_0_to_1,No-Onset Baseline,,0.9951704876061911,0.5,0.0,0.0,0.0,0.5,0.0048295123938089145,17103,0,83,0,17186,83,0.0048295123938089145,
인천,onset_0_to_1,XGBoost-Onset,0.78,0.9801000814616548,0.7382175606477832,0.12023460410557185,0.4939759036144578,0.19339622641509435,0.9600866190599973,0.118090463319317,16803,300,42,41,17186,83,0.0048295123938089145,0.2131979695431472
인천,onset_0_to_1,1D-CNN-Onset,0.6699999999999999,0.9738082765845992,0.7830155573751316,0.1053763440860215,0.5903614457831325,0.17883211678832117,0.9574310812086808,0.09012493380659074,16682,416,34,49,17181,83,0.004830917874396135,0.2139917695473251
인천,onset_0_to_1,LSTM-Onset,0.8899999999999999,0.9845177812700076,0.6385249736811323,0.1038961038961039,0.2891566265060241,0.15286624203821655,0.9365789277122526,0.08268869037354111,16891,207,59,24,17181,83,0.004830917874396135,0.21301775147928995
강화,onset_0_to_1,No-Onset Baseline,,0.9946167349327092,0.5,0.0,0.0,0.0,0.5,0.0053832650672908135,16998,0,92,0,17090,92,0.0053832650672908135,
강화,onset_0_to_1,XGBoost-Onset,0.9299999999999999,0.9908133411351667,0.644032929705285,0.226890756302521,0.29347826086956524,0.2559241706161137,0.9557678141162389,0.15331096186765336,16906,92,65,27,17090,92,0.0053832650672908135,0.3157894736842105
강화,onset_0_to_1,1D-CNN-Onset,0.83,0.9867720222417325,0.6149750920455738,0.12359550561797752,0.2391304347826087,0.16296296296296298,0.9261927545613411,0.07501879647218959,16837,156,70,22,17085,92,0.005384840503365526,0.10869565217391304
강화,onset_0_to_1,LSTM-Onset,0.8599999999999999,0.9786947614866842,0.6865896187432677,0.10465116279069768,0.391304347826087,0.1651376146788991,0.9410697243622054,0.10047666740765367,16685,308,56,36,17085,92,0.005384840503365526,0.11347517730496454
동두천,onset_0_to_1,No-Onset Baseline,,0.9950424929178471,0.5,0.0,0.0,0.0,0.5,0.004957507082152974,8430,0,42,0,8472,42,0.004957507082152974,
동두천,onset_0_to_1,XGBoost-Onset,0.9099999999999999,0.9879603399433428,0.6504321301474326,0.1511627906976744,0.30952380952380953,0.203125,0.9467689092244252,0.14622632621439138,8357,73,29,13,8472,42,0.004957507082152974,0.3137254901960784
동두천,onset_0_to_1,1D-CNN-Onset,0.95,0.985000590527932,0.6371004662992794,0.11009174311926606,0.2857142857142857,0.15894039735099338,0.9467797089162074,0.10872834728639891,8328,97,30,12,8467,42,0.004960434628557931,0.2727272727272727
동두천,onset_0_to_1,LSTM-Onset,0.9299999999999999,0.973544348647691,0.7379525222551928,0.09375,0.5,0.15789473684210525,0.9506627101879328,0.12187347333266595,8222,203,21,21,8467,42,0.004960434628557931,0.15748031496062992
파주,onset_0_to_1,No-Onset Baseline,,0.9913365597179901,0.5,0.0,0.0,0.0,0.5,0.008663440282009919,16592,0,145,0,16737,145,0.008663440282009919,
파주,onset_0_to_1,XGBoost-Onset,0.9299999999999999,0.9633745593595029,0.8003657766102484,0.1411042944785276,0.6344827586206897,0.23086574654956085,0.946112792205633,0.19672086922840132,16032,560,53,92,16737,145,0.008663440282009919,0.23776223776223776
파주,onset_0_to_1,1D-CNN-Onset,0.8899999999999999,0.954040162562754,0.7478043669429528,0.1,0.5379310344827586,0.16864864864864865,0.9326568584038601,0.10832030784732949,15885,702,67,78,16732,145,0.008666029165670571,0.21568627450980393
파주,onset_0_to_1,LSTM-Onset,0.95,0.986253884771695,0.6580899458030074,0.26256983240223464,0.32413793103448274,0.29012345679012347,0.9437361623040893,0.18052319277696705,16455,132,98,47,16732,145,0.008666029165670571,0.3063063063063063
철원,onset_0_to_1,No-Onset Baseline,,0.996354583444474,0.5,0.0,0.0,0.0,0.5,0.003645416555525918,11206,0,41,0,11247,41,0.003645416555525918,
철원,onset_0_to_1,XGBoost-Onset,0.84,0.9923535164932871,0.5951961710407752,0.13114754098360656,0.1951219512195122,0.1568627450980392,0.960922502318009,0.09578749681150191,11153,53,33,8,11247,41,0.003645416555525918,0.3225806451612903
철원,onset_0_to_1,1D-CNN-Onset,0.9199999999999999,0.9927948763565202,0.571117343616968,0.11538461538461539,0.14634146341463414,0.12903225806451613,0.9254247769689552,0.08321236791255168,11155,46,35,6,11242,41,0.003647037893613236,0.15384615384615385
철원,onset_0_to_1,LSTM-Onset,0.8999999999999999,0.9868350827254937,0.6653304038620246,0.1037037037037037,0.34146341463414637,0.1590909090909091,0.9298189839321838,0.08821000566635812,11080,121,27,14,11242,41,0.003647037893613236,0.14285714285714285
춘천,onset_0_to_1,No-Onset Baseline,,0.9957715442796736,0.5,0.0,0.0,0.0,0.5,0.004228455720326365,16720,0,71,0,16791,71,0.004228455720326365,
춘천,onset_0_to_1,XGBoost-Onset,0.9299999999999999,0.9951164314215949,0.5277204494912056,0.21052631578947367,0.056338028169014086,0.08888888888888889,0.9479799851742031,0.10911502031140144,16705,15,67,4,16791,71,0.004228455720326365,0.2545454545454545
춘천,onset_0_to_1,1D-CNN-Onset,0.95,0.983855593947337,0.6132271342683682,0.07264957264957266,0.23943661971830985,0.11147540983606558,0.9310301534002098,0.0669881726451073,16498,217,54,17,16786,71,0.004229715238889551,0.10101010101010101
춘천,onset_0_to_1,LSTM-Onset,0.95,0.9873704277374002,0.650053717458806,0.11891891891891893,0.30985915492957744,0.171875,0.9492081414601881,0.08883251609125452,16552,163,49,22,16786,71,0.004229715238889551,0.19130434782608696
인제,onset_0_to_1,No-Onset Baseline,,0.9980568804098215,0.5,0.0,0.0,0.0,0.5,0.0019431195901784136,16950,0,33,0,16983,33,0.0019431195901784136,
인제,onset_0_to_1,XGBoost-Onset,0.94,0.9950538774068186,0.49849557522123894,0.0,0.0,0.0,0.8025100563153661,0.01496454543658612,16899,51,33,0,16983,33,0.0019431195901784136,0.11764705882352941
인제,onset_0_to_1,1D-CNN-Onset,0.62,0.9780303922723524,0.5958215975035096,0.01977401129943503,0.21212121212121213,0.03617571059431524,0.7722167082450353,0.013213834787339406,16598,347,26,7,16978,33,0.0019436918364942868,0.041379310344827586
인제,onset_0_to_1,LSTM-Onset,0.8,0.9701967251737542,0.5767751280881998,0.012371134020618556,0.18181818181818182,0.023166023166023165,0.826459937230076,0.04513478685906958,16466,479,27,6,16978,33,0.0019436918364942868,0.022727272727272728
속초,onset_0_to_1,No-Onset Baseline,,0.99838497427922,0.5,0.0,0.0,0.0,0.5,0.0016150257207799975,16691,0,27,0,16718,27,0.0016150257207799975,
속초,onset_0_to_1,XGBoost-Onset,0.95,0.9979662639071659,0.6107216796809991,0.3157894736842105,0.2222222222222222,0.2608695652173913,0.9246100692988237,0.15903605645919822,16678,13,21,6,16718,27,0.0016150257207799975,0.358974358974359
속초,onset_0_to_1,1D-CNN-Onset,0.8899999999999999,0.9835457428349189,0.640477046625914,0.030303030303030304,0.2962962962962963,0.054982817869415807,0.8854528746653881,0.01515857176712507,16430,256,19,8,16713,27,0.0016155088852988692,0.0625
속초,onset_0_to_1,LSTM-Onset,0.94,0.9834859091725004,0.65893563466379,0.033707865168539325,0.3333333333333333,0.061224489795918366,0.8767740532093882,0.0329751755404824,16428,258,18,9,16713,27,0.0016155088852988692,0.10471204188481675
서울,onset_0_to_1,No-Onset Baseline,,0.9980952380952381,0.5,0.0,0.0,0.0,0.5,0.0019047619047619048,17292,0,33,0,17325,33,0.0019047619047619048,
서울,onset_0_to_1,XGBoost-Onset,0.175,0.9774314574314574,0.7769777931991673,0.047979797979797977,0.5757575757575758,0.08857808857808858,0.9512578946999488,0.09879944601246084,16915,377,14,19,17325,33,0.0019047619047619048,0.046511627906976744
서울,onset_0_to_1,1D-CNN-Onset,0.13,0.9474595842956121,0.8073311351497272,0.023887079261672096,0.6666666666666666,0.04612159329140461,0.9401003732003906,0.08344649167616905,16388,899,11,22,17320,33,0.001905311778290993,0.022099447513812154
서울,onset_0_to_1,LSTM-Onset,0.006,0.829849884526559,0.8240269882255189,0.009097035040431268,0.8181818181818182,0.017994001999333556,0.8718918227219263,0.045392777707813234,14346,2941,6,27,17320,33,0.001905311778290993,0.008683068017366137
