station,feature,mean_abs_shap,normalized
Taebaek,시정(10m),1.983537197113037,0.277478396683405
Taebaek,기온(°C),0.16654235124588013,0.023297725230891037
Taebaek,이슬점온도(°C),0.09348582476377487,0.01307779698098585
Taebaek,습도(%),0.6582719683647156,0.09208612302775043
Taebaek,풍속(m/s),0.14179423451423645,0.01983569398609009
Taebaek,현지기압(hPa),0.1573859304189682,0.022016827159451812
Taebaek,지면온도(°C),0.1826312392950058,0.025548410958785548
Taebaek,dew_point_depression,0.4595704972743988,0.06428963617737904
Taebaek,hour,0.17906150221824646,0.025049037958832655
Taebaek,air_ground_diff,0.20513392984867096,0.02869632797540703
Taebaek,dpd_ratio,0.24805454909801483,0.03470052322382522
Taebaek,ground_air_diff,0.10447743535041809,0.014615421023020032
Taebaek,ground_air_diff_1h,0.1801399141550064,0.025199897753956195
Taebaek,rel_humid,0.23019319772720337,0.03220188637033683
Taebaek,weekday,0.04726807028055191,0.006612363193821471
Taebaek,is_weekend,0.006766414735466242,0.0009465584587094298
Taebaek,month_sin,0.1004585325717926,0.014053213920948767
Taebaek,month_cos,0.06876406073570251,0.009619452234197584
Taebaek,temp_lag_1,0.06590504199266434,0.009219502115762357
Taebaek,temp_lag_2,0.09438419342041016,0.013203470396557082
Taebaek,temp_lag_3,0.13774387538433075,0.01926908643318208
Taebaek,humidity_lag_1,0.13251188397407532,0.018537179519567345
Taebaek,humidity_lag_2,0.26837170124053955,0.037542703753580764
Taebaek,humidity_lag_3,0.1381547898054123,0.019326569537054167
Taebaek,vis_lag_1,0.6516132354736328,0.0911546282570701
Taebaek,vis_lag_2,0.12229196727275848,0.01710750827133124
Taebaek,vis_lag_3,0.12441965937614441,0.017405152598013268
Taebaek,temp_roll_mean_2h,0.06706341356039047,0.009381547519218419
Taebaek,humid_roll_std_2h,0.1324416846036911,0.01852735928086915
Daegwallyeong,시정(10m),1.5017800331115723,0.2683020143916771
Daegwallyeong,기온(°C),0.08905927836894989,0.01591097448349358
Daegwallyeong,이슬점온도(°C),0.06905730068683624,0.012337501148114804
Daegwallyeong,습도(%),0.6407976150512695,0.11448233905428748
Daegwallyeong,풍속(m/s),0.12701502442359924,0.02269199627075342
Daegwallyeong,현지기압(hPa),0.08888398110866547,0.015879656576067283
Daegwallyeong,지면온도(°C),0.08991796523332596,0.016064384044390742
Daegwallyeong,dew_point_depression,0.9468775987625122,0.16916536478645675
Daegwallyeong,hour,0.1181563287973404,0.02110933714025251
Daegwallyeong,air_ground_diff,0.22766895592212677,0.040674425109911164
Daegwallyeong,dpd_ratio,0.07514510303735733,0.013425123568076654
Daegwallyeong,ground_air_diff,0.098759725689888,0.017644017605205325
Daegwallyeong,ground_air_diff_1h,0.06657686829566956,0.011894357017523647
Daegwallyeong,rel_humid,0.22756989300251007,0.04065672692489161
Daegwallyeong,weekday,0.04423648118972778,0.007903112806881838
Daegwallyeong,is_weekend,0.002227881457656622,0.00039802439088010505
Daegwallyeong,month_sin,0.14443223178386688,0.025803684878142285
Daegwallyeong,month_cos,0.0344465970993042,0.006154091269633489
Daegwallyeong,temp_lag_1,0.04837056249380112,0.008641691238533847
Daegwallyeong,temp_lag_2,0.05964232236146927,0.010655458775427146
Daegwallyeong,temp_lag_3,0.10705189406871796,0.01912546324348926
Daegwallyeong,humidity_lag_1,0.04685498774051666,0.008370924714607651
Daegwallyeong,humidity_lag_2,0.056153129786252975,0.010032093584859677
Daegwallyeong,humidity_lag_3,0.155122771859169,0.027713614011502533
Daegwallyeong,vis_lag_1,0.20098258554935455,0.03590674491044669
Daegwallyeong,vis_lag_2,0.14884330332279205,0.026591749277338816
Daegwallyeong,vis_lag_3,0.03520575538277626,0.006289719452327904
Daegwallyeong,temp_roll_mean_2h,0.04234206676483154,0.007564664302383343
Daegwallyeong,humid_roll_std_2h,0.10417083650827408,0.018610745022443344
Baengnyeongdo,시정(10m),2.2065696716308594,0.36519974845030473
Baengnyeongdo,기온(°C),0.06961579620838165,0.01152180762308684
Baengnyeongdo,이슬점온도(°C),0.030085265636444092,0.004979281453809465
Baengnyeongdo,습도(%),0.4445940852165222,0.07358283319627248
Baengnyeongdo,풍속(m/s),0.04428235813975334,0.007328980481034025
Baengnyeongdo,현지기압(hPa),0.393508642911911,0.06512790384644244
Baengnyeongdo,지면온도(°C),0.07823607325553894,0.012948512181600518
Baengnyeongdo,dew_point_depression,0.9824345707893372,0.162598472522272
Baengnyeongdo,hour,0.09948385506868362,0.01646514012815988
Baengnyeongdo,air_ground_diff,0.09166115522384644,0.015170439103185988
Baengnyeongdo,dpd_ratio,0.10385560244321823,0.017188689020358836
Baengnyeongdo,ground_air_diff,0.030926277860999107,0.0051184737289503264
Baengnyeongdo,ground_air_diff_1h,0.09144868701696396,0.015135274414436406
Baengnyeongdo,rel_humid,0.17312991619110107,0.02865397936675249
Baengnyeongdo,weekday,0.02806336246430874,0.004644645054448026
Baengnyeongdo,is_weekend,0.0023262430913746357,0.000385006375609425
Baengnyeongdo,month_sin,0.10867633670568466,0.017986547779424128
Baengnyeongdo,month_cos,0.08569388091564178,0.01418282148824812
Baengnyeongdo,temp_lag_1,0.025312695652246475,0.004189394154940606
Baengnyeongdo,temp_lag_2,0.0370008759200573,0.006123854031066564
Baengnyeongdo,temp_lag_3,0.054123129695653915,0.008957683776913016
Baengnyeongdo,humidity_lag_1,0.040244538336992264,0.0066606984887567855
Baengnyeongdo,humidity_lag_2,0.02288210764527321,0.0037871181062188322
Baengnyeongdo,humidity_lag_3,0.08509562909603119,0.014083807431796302
Baengnyeongdo,vis_lag_1,0.41031286120414734,0.06790909692279475
Baengnyeongdo,vis_lag_2,0.15610766410827637,0.02583670046610002
Baengnyeongdo,vis_lag_3,0.06975843757390976,0.011545415575049204
Baengnyeongdo,temp_roll_mean_2h,0.03469396382570267,0.005742047044690012
Baengnyeongdo,humid_roll_std_2h,0.04196610674262047,0.006945627787277748
Incheon,시정(10m),2.3891184329986572,0.34783843929779024
Incheon,기온(°C),0.08857245743274689,0.012895511973220773
Incheon,이슬점온도(°C),0.04345495253801346,0.006326728161236637
Incheon,습도(%),0.4382069408893585,0.06379977497268724
Incheon,풍속(m/s),0.09066072106361389,0.013199548119847216
Incheon,현지기압(hPa),0.24362897872924805,0.03547062487920782
Incheon,지면온도(°C),0.15968570113182068,0.023249088154307124
Incheon,dew_point_depression,0.8412730693817139,0.12248330071678845
Incheon,hour,0.11344105005264282,0.016516199974685793
Incheon,air_ground_diff,0.14568853378295898,0.021211201384873465
Incheon,dpd_ratio,0.19918875396251678,0.029000448176623443
Incheon,ground_air_diff,0.0828203484416008,0.012058046326262548
Incheon,ground_air_diff_1h,0.12264888733625412,0.017856794775597096
Incheon,rel_humid,0.158479705452919,0.02307350386808883
Incheon,weekday,0.05921519920229912,0.00862130658268922
Incheon,is_weekend,0.004820355214178562,0.0007018090067876425
Incheon,month_sin,0.14567625522613525,0.02120941371542041
Incheon,month_cos,0.07152776420116425,0.01041392738114097
Incheon,temp_lag_1,0.08072014153003693,0.01175227132397273
Incheon,temp_lag_2,0.03508016839623451,0.005107419898784371
Incheon,temp_lag_3,0.11416566371917725,0.016621698506437032
Incheon,humidity_lag_1,0.03400316834449768,0.004950616446956502
Incheon,humidity_lag_2,0.04877295717597008,0.007100991340447678
Incheon,humidity_lag_3,0.05636957660317421,0.008207004424186438
Incheon,vis_lag_1,0.8630033731460571,0.12564707646036638
Incheon,vis_lag_2,0.07407303154468536,0.01078449997734952
Incheon,vis_lag_3,0.04668619483709335,0.006797173771123899
Incheon,temp_roll_mean_2h,0.06839044392108917,0.009957156140868497
Incheon,humid_roll_std_2h,0.049098748713731766,0.007148424242252055
Ganghwa,시정(10m),1.9045748710632324,0.29705181348389
Ganghwa,기온(°C),0.08310442417860031,0.01296159068664309
Ganghwa,이슬점온도(°C),0.08814751356840134,0.013748148816524046
Ganghwa,습도(%),0.3527420163154602,0.05501629640843484
Ganghwa,풍속(m/s),0.07198654860258102,0.011227563239299368
Ganghwa,현지기압(hPa),0.21054627001285553,0.03283837893685569
Ganghwa,지면온도(°C),0.17492394149303436,0.027282452809664626
Ganghwa,dew_point_depression,0.5591554641723633,0.08721008933563332
Ganghwa,hour,0.1272776573896408,0.019851180186194316
Ganghwa,air_ground_diff,0.1637127846479416,0.025533876514405626
Ganghwa,dpd_ratio,0.1500328630208969,0.023400253106173545
Ganghwa,ground_air_diff,0.07449972629547119,0.011619537323711982
Ganghwa,ground_air_diff_1h,0.09309887140989304,0.014520399804589275
Ganghwa,rel_humid,0.123170867562294,0.019210654374190124
Ganghwa,weekday,0.0459398590028286,0.007165125737675123
Ganghwa,is_weekend,0.00270726066082716,0.00042224472300391006
Ganghwa,month_sin,0.040776822715997696,0.006359859788098636
Ganghwa,month_cos,0.04863087087869644,0.007584836178035484
Ganghwa,temp_lag_1,0.0625254362821579,0.009751937043103924
Ganghwa,temp_lag_2,0.07770819962024689,0.012119954941375521
Ganghwa,temp_lag_3,0.11818118393421173,0.01843242580835523
Ganghwa,humidity_lag_1,0.0435047447681427,0.00678532701700311
Ganghwa,humidity_lag_2,0.07173532992601395,0.011188381286103895
Ganghwa,humidity_lag_3,0.12377318739891052,0.019304596703516547
Ganghwa,vis_lag_1,0.9941579699516296,0.15505635002877743
Ganghwa,vis_lag_2,0.3284980058670044,0.05123501829789472
Ganghwa,vis_lag_3,0.04562881588935852,0.007116613115602995
Ganghwa,temp_roll_mean_2h,0.03280215337872505,0.005116070413071981
Ganghwa,humid_roll_std_2h,0.19804780185222626,0.030889023892171647
Dongducheon,시정(10m),2.5348591804504395,0.38926732543034925
Dongducheon,기온(°C),0.05917409434914589,0.009087108909127634
Dongducheon,이슬점온도(°C),0.08275168389081955,0.012707817030417026
Dongducheon,습도(%),0.42049452662467957,0.064573519901884
Dongducheon,풍속(m/s),0.1586565226316452,0.024364193760035856
Dongducheon,현지기압(hPa),0.12935255467891693,0.0198641105532724
Dongducheon,지면온도(°C),0.08020752668380737,0.012317121847392306
Dongducheon,dew_point_depression,0.3707234561443329,0.05693039256798326
Dongducheon,hour,0.15158064663410187,0.023277582185758563
Dongducheon,air_ground_diff,0.20363518595695496,0.03127137192168987
Dongducheon,dpd_ratio,0.11173257976770401,0.01715828746032295
Dongducheon,ground_air_diff,0.08999035507440567,0.013819428355036486
Dongducheon,ground_air_diff_1h,0.15714994072914124,0.024132834514420772
Dongducheon,rel_humid,0.19864661991596222,0.03050529948047251
Dongducheon,weekday,0.046880096197128296,0.007199172957343858
Dongducheon,is_weekend,0.005296596325933933,0.0008133753155132429
Dongducheon,month_sin,0.10480321198701859,0.01609417451720028
Dongducheon,month_cos,0.07646232843399048,0.011741988002815748
Dongducheon,temp_lag_1,0.04257054254412651,0.006537373502273342
Dongducheon,temp_lag_2,0.048548851162195206,0.007455436416497743
Dongducheon,temp_lag_3,0.09188511222600937,0.014110397989339302
Dongducheon,humidity_lag_1,0.05418631061911583,0.008321156604010315
Dongducheon,humidity_lag_2,0.04291004687547684,0.006589509709308431
Dongducheon,humidity_lag_3,0.05001853406429291,0.007681129242727493
Dongducheon,vis_lag_1,0.882886528968811,0.1355810533542548
Dongducheon,vis_lag_2,0.1600380688905716,0.024576351824404156
Dongducheon,vis_lag_3,0.07677663117647171,0.011790254111199468
Dongducheon,temp_roll_mean_2h,0.034320369362831116,0.005270430204835662
Dongducheon,humid_roll_std_2h,0.04533436894416809,0.006961802330113316
Paju,시정(10m),1.742821216583252,0.29546315367434284
Paju,기온(°C),0.10577072203159332,0.017931472718202376
Paju,이슬점온도(°C),0.08725098520517349,0.014791793331764584
Paju,습도(%),0.3348403573036194,0.05676599929184146
Paju,풍속(m/s),0.2057439237833023,0.034880082932157885
Paju,현지기압(hPa),0.20111635327339172,0.03409556380667405
Paju,지면온도(°C),0.16011498868465424,0.0271445395873971
Paju,dew_point_depression,0.4404812455177307,0.07467546108385026
Paju,hour,0.24974703788757324,0.04233999835034891
Paju,air_ground_diff,0.17191727459430695,0.029145399217892463
Paju,dpd_ratio,0.0691760927438736,0.011727529092768177
Paju,ground_air_diff,0.07415754348039627,0.01257204207578766
Paju,ground_air_diff_1h,0.10273780673742294,0.01741729793703949
Paju,rel_humid,0.08929625153541565,0.015138530469393658
Paju,weekday,0.03587545454502106,0.006082020828363101
Paju,is_weekend,0.00749499537050724,0.001270638059643386
Paju,month_sin,0.15232990682125092,0.025824722719730343
Paju,month_cos,0.0798192173242569,0.013531874325398497
Paju,temp_lag_1,0.061949484050273895,0.010502391038064334
Paju,temp_lag_2,0.050464410334825516,0.008555308877335669
Paju,temp_lag_3,0.08842875808477402,0.014991462974300325
Paju,humidity_lag_1,0.14805226027965546,0.02509952674124567
Paju,humidity_lag_2,0.1930236518383026,0.032723595721247604
Paju,humidity_lag_3,0.16509801149368286,0.02798931908627948
Paju,vis_lag_1,0.4404013156890869,0.07466191045741823
Paju,vis_lag_2,0.08179421722888947,0.013866699088131922
Paju,vis_lag_3,0.16082148253917694,0.02726431257404805
Paju,temp_roll_mean_2h,0.06008545681834221,0.010186379642723897
Paju,humid_roll_std_2h,0.13779722154140472,0.023360974296608626
Cheorwon,시정(10m),2.1586389541625977,0.3413553163331699
Cheorwon,기온(°C),0.08724192529916763,0.01379595923189708
Cheorwon,이슬점온도(°C),0.12254627794027328,0.019378795787544006
Cheorwon,습도(%),0.19464637339115143,0.030780309154485864
Cheorwon,풍속(m/s),0.12033306807279587,0.019028810926496446
Cheorwon,현지기압(hPa),0.21190807223320007,0.03350997946702836
Cheorwon,지면온도(°C),0.150420144200325,0.023786616009763402
Cheorwon,dew_point_depression,0.39405906200408936,0.062314337237808395
Cheorwon,hour,0.15483811497688293,0.02448524965995048
Cheorwon,air_ground_diff,0.2378043681383133,0.03760507756738509
Cheorwon,dpd_ratio,0.09408862143754959,0.01487865818053211
Cheorwon,ground_air_diff,0.0889468863606453,0.014065572416331721
Cheorwon,ground_air_diff_1h,0.13280709087848663,0.021001384428226653
Cheorwon,rel_humid,0.08178772032260895,0.012933461192783633
Cheorwon,weekday,0.04057092219591141,0.006415662959017736
Cheorwon,is_weekend,0.00960739515721798,0.0015192607391364993
Cheorwon,month_sin,0.10836152732372284,0.01713569717928319
Cheorwon,month_cos,0.0428561270236969,0.006777032707937798
Cheorwon,temp_lag_1,0.08085231482982635,0.012785541302209595
Cheorwon,temp_lag_2,0.08571473509073257,0.013554457754451767
Cheorwon,temp_lag_3,0.11067470908164978,0.017501491046382003
Cheorwon,humidity_lag_1,0.053501103073358536,0.008460370794552146
Cheorwon,humidity_lag_2,0.0980321392416954,0.01550226444173844
Cheorwon,humidity_lag_3,0.1579657942056656,0.02497984368665003
Cheorwon,vis_lag_1,0.7476284503936768,0.11822585972132323
Cheorwon,vis_lag_2,0.16443252563476562,0.026002457101628653
Cheorwon,vis_lag_3,0.10472185164690018,0.016560138844427738
Cheorwon,temp_roll_mean_2h,0.06343255937099457,0.010030876783796534
Cheorwon,humid_roll_std_2h,0.22531145811080933,0.03562951734406151
Chuncheon,시정(10m),2.3967227935791016,0.29442997582058933
Chuncheon,기온(°C),0.12188678234815598,0.014973413894906733
Chuncheon,이슬점온도(°C),0.08167031407356262,0.010032945262739398
Chuncheon,습도(%),0.6783928871154785,0.08333846612773825
Chuncheon,풍속(m/s),0.1826687902212143,0.022440295403413066
Chuncheon,현지기압(hPa),0.2054196298122406,0.025235165618954704
Chuncheon,지면온도(°C),0.30341365933418274,0.0372734287923196
Chuncheon,dew_point_depression,0.9570949673652649,0.11757615392748266
Chuncheon,hour,0.16582083702087402,0.020370576507806087
Chuncheon,air_ground_diff,0.25739991664886475,0.03162078294502009
Chuncheon,dpd_ratio,0.24004507064819336,0.02948879383804576
Chuncheon,ground_air_diff,0.0813610777258873,0.009994956534709266
Chuncheon,ground_air_diff_1h,0.11564173549413681,0.014206229221254307
Chuncheon,rel_humid,0.24041976034641266,0.029534823307570766
Chuncheon,weekday,0.06273354589939117,0.007706621913798714
Chuncheon,is_weekend,0.007064404431730509,0.0008678402156451267
Chuncheon,month_sin,0.09451393038034439,0.01161074376692418
Chuncheon,month_cos,0.10015568882226944,0.012303816326709462
Chuncheon,temp_lag_1,0.09781523048877716,0.012016298265636504
Chuncheon,temp_lag_2,0.053392212837934494,0.006559068064523742
Chuncheon,temp_lag_3,0.11251044273376465,0.013821559598971127
Chuncheon,humidity_lag_1,0.04538105055689812,0.005574921577904821
Chuncheon,humidity_lag_2,0.10446155071258545,0.012832778130573033
Chuncheon,humidity_lag_3,0.21722577512264252,0.02668551402286213
Chuncheon,vis_lag_1,0.2796245515346527,0.034351010541459066
Chuncheon,vis_lag_2,0.47060301899909973,0.057812124070504546
Chuncheon,vis_lag_3,0.27732187509536743,0.034068133869130615
Chuncheon,temp_roll_mean_2h,0.06299839168787003,0.0077391573990483725
Chuncheon,humid_roll_std_2h,0.12645336985588074,0.015534405033758532
Inje,시정(10m),2.3020544052124023,0.24919902612234943
Inje,기온(°C),0.08900631219148636,0.009634996578116797
Inje,이슬점온도(°C),0.19475588202476501,0.021082462700395065
Inje,습도(%),0.28097662329673767,0.030415919245936698
Inje,풍속(m/s),0.536466121673584,0.05807283909797785
Inje,현지기압(hPa),0.41920629143714905,0.04537937910327564
Inje,지면온도(°C),0.16478195786476135,0.01783776409864812
Inje,dew_point_depression,0.17588070034980774,0.019039210863847883
Inje,hour,0.20331469178199768,0.022008959941919662
Inje,air_ground_diff,0.2741767168045044,0.029679824533426536
Inje,dpd_ratio,0.24438157677650452,0.026454479441084318
Inje,ground_air_diff,0.1393384039402008,0.015083481295976064
Inje,ground_air_diff_1h,0.2786942422389984,0.030168849873666043
Inje,rel_humid,0.1808232218027115,0.01957424232525194
Inje,weekday,0.08191987127065659,0.008867884309985407
Inje,is_weekend,0.0142811955884099,0.001545949576359459
Inje,month_sin,0.08518669754266739,0.009221520576640403
Inje,month_cos,0.13312040269374847,0.01441037824005567
Inje,temp_lag_1,0.0950738862156868,0.010291815780274839
Inje,temp_lag_2,0.07281406968832016,0.00788217481448275
Inje,temp_lag_3,0.09418918192386627,0.010196045911661506
Inje,humidity_lag_1,0.06944211572408676,0.007517158400398989
Inje,humidity_lag_2,0.07975587993860245,0.00863363070969513
Inje,humidity_lag_3,0.10490524023771286,0.011356066843240871
Inje,vis_lag_1,1.3528767824172974,0.1464498735905513
Inje,vis_lag_2,0.6365740895271301,0.06890959779477737
Inje,vis_lag_3,0.7589914798736572,0.08216136733841652
Inje,temp_roll_mean_2h,0.045403894037008286,0.004915003811624015
Inje,humid_roll_std_2h,0.12942267954349518,0.014010097079963727
Sokcho,시정(10m),2.0849485397338867,0.25522501906927353
Sokcho,기온(°C),0.19187688827514648,0.023488245170419246
Sokcho,이슬점온도(°C),0.0877736508846283,0.010744644912755643
Sokcho,습도(%),0.6723906397819519,0.08230942423272151
Sokcho,풍속(m/s),0.17488865554332733,0.021408662897618787
Sokcho,현지기압(hPa),0.23806431889533997,0.02914219184399241
Sokcho,지면온도(°C),0.1000022441148758,0.012241584947917692
Sokcho,dew_point_depression,1.1310418844223022,0.13845434600351034
Sokcho,hour,0.173546701669693,0.02124439016068489
Sokcho,air_ground_diff,0.20638002455234528,0.02526361907647488
Sokcho,dpd_ratio,0.35808107256889343,0.04383381499977285
Sokcho,ground_air_diff,0.10187137871980667,0.012470391513689052
Sokcho,ground_air_diff_1h,0.12262343615293503,0.01501071524502338
Sokcho,rel_humid,0.19829143583774567,0.024273469837975837
Sokcho,weekday,0.08073209226131439,0.009882665876025038
Sokcho,is_weekend,0.008970685303211212,0.0010981294185173319
Sokcho,month_sin,0.17426005005836487,0.02133171335002608
Sokcho,month_cos,0.1468205749988556,0.017972762080078683
Sokcho,temp_lag_1,0.08251281827688217,0.010100650072094666
Sokcho,temp_lag_2,0.07404076308012009,0.0090635595118521
Sokcho,temp_lag_3,0.11784762144088745,0.014426092949688822
Sokcho,humidity_lag_1,0.12425795197486877,0.015210801397689438
Sokcho,humidity_lag_2,0.07948048412799835,0.009729452641451097
Sokcho,humidity_lag_3,0.080011747777462,0.009794486272968198
Sokcho,vis_lag_1,0.5262013077735901,0.06441393456547019
Sokcho,vis_lag_2,0.17819638550281525,0.02181357238382321
Sokcho,vis_lag_3,0.3918657600879669,0.047969503412209895
Sokcho,temp_roll_mean_2h,0.07761191576719284,0.009500715391379833
Sokcho,humid_roll_std_2h,0.18446914851665497,0.022581440764895395
Seoul,시정(10m),1.6348298788070679,0.17058086430129488
Seoul,기온(°C),0.3448014259338379,0.03597715334823173
Seoul,이슬점온도(°C),0.15695230662822723,0.016376664303603936
Seoul,습도(%),0.591376006603241,0.06170515454919332
Seoul,풍속(m/s),0.2811424136161804,0.029334866292873664
Seoul,현지기압(hPa),0.35739266872406006,0.03729094452958132
Seoul,지면온도(°C),0.31778037548065186,0.033157732073648256
Seoul,dew_point_depression,1.0371500253677368,0.10821795590525611
Seoul,hour,0.3323155641555786,0.03467435779666271
Seoul,air_ground_diff,0.686801552772522,0.07166201449712682
Seoul,dpd_ratio,0.26813098788261414,0.0279772325254731
Seoul,ground_air_diff,0.32339736819267273,0.033743818420620186
Seoul,ground_air_diff_1h,0.32049864530563354,0.03344136086105937
Seoul,rel_humid,0.20951829850673676,0.021861487185623942
Seoul,weekday,0.1081131100654602,0.011280701433426417
Seoul,is_weekend,0.031069420278072357,0.003241834904706445
Seoul,month_sin,0.165357306599617,0.017253655957694708
Seoul,month_cos,0.19235458970069885,0.02007059730729232
Seoul,temp_lag_1,0.14875225722789764,0.01552105753243199
Seoul,temp_lag_2,0.12354938685894012,0.012891348187049012
Seoul,temp_lag_3,0.24383538961410522,0.02544218945763816
Seoul,humidity_lag_1,0.130341038107872,0.013600000356362888
Seoul,humidity_lag_2,0.18732993304729462,0.019546316288290896
Seoul,humidity_lag_3,0.2582511603832245,0.026946354918059075
Seoul,vis_lag_1,0.4726755619049072,0.049319753039181305
Seoul,vis_lag_2,0.12692680954933167,0.013243754079005299
Seoul,vis_lag_3,0.16253365576267242,0.016959031540503024
Seoul,temp_roll_mean_2h,0.17032814025878906,0.017772320996101192
Seoul,humid_roll_std_2h,0.20039433240890503,0.020909477412007906
