station,task,model,seed,threshold,accuracy,balanced_accuracy,precision,recall,f1,roc_auc,pr_auc,tp,fp,tn,fn,n_test,n_positive_test,positive_prevalence_test,val_f1,scale_pos_weight,best_epoch,n_train_sequences
Taebaek,overall,Persistence,,,0.9930294906166219,0.7995969199281767,0.5986394557823129,0.6027397260273972,0.6006825938566553,0.7995969199281766,0.3642792477574721,88,59,16580,58,16785,146,0.008698242478403336,,,,
Taebaek,overall,XGBoost,42.0,0.94,0.992135835567471,0.8161192099433003,0.5406976744186046,0.636986301369863,0.5849056603773585,0.9809504325124913,0.5845127217016276,93,79,16560,53,16785,146,0.008698242478403336,0.6176470588235294,119.98353909465021,,
Taebaek,overall,1D-CNN,42.0,0.94,0.985820673220137,0.7144903004741295,0.2909090909090909,0.4383561643835616,0.34972677595628415,0.9748428967428395,0.22089516286003516,64,156,16483,82,16785,146,0.008698242478403336,0.4878048780487805,,9.0,57774.0
Taebaek,overall,LSTM,42.0,0.9249999999999999,0.9915400655347036,0.7343481274806589,0.5149253731343284,0.4726027397260274,0.4928571428571429,0.9777062800961925,0.3923697308260861,69,65,16574,77,16785,146,0.008698242478403336,0.5409836065573771,,4.0,57774.0
Taebaek,onset,No-Onset Baseline,,,0.9965140040870297,0.5,0.0,0.0,0.0,0.5,0.003485995912970309,0,0,16580,58,16638,58,0.003485995912970309,,,,
Taebaek,onset,XGBoost-Onset,42.0,0.9249999999999999,0.9935689385743479,0.5930181772804792,0.15492957746478872,0.1896551724137931,0.17054263565891473,0.9577305436545901,0.12177214467572074,11,60,16520,47,16638,58,0.003485995912970309,0.26666666666666666,279.3605769230769,,
Taebaek,onset,1D-CNN-Onset,42.0,0.9199999999999999,0.9895420122610891,0.5909976706459797,0.07971014492753623,0.1896551724137931,0.11224489795918367,0.9498471361424234,0.0598253879388343,11,127,16453,47,16638,58,0.003485995912970309,0.18181818181818182,,7.0,57300.0
Taebaek,onset,LSTM-Onset,42.0,0.945,0.9929679047962495,0.6013071419658085,0.14457831325301204,0.20689655172413793,0.1702127659574468,0.9510492491992846,0.1056059913560374,12,71,16509,46,16638,58,0.003485995912970309,0.3013698630136986,,5.0,57300.0
Daegwallyeong,overall,Persistence,,,0.9701660735468565,0.7975143212780478,0.6114551083591331,0.6105100463678517,0.6109822119102861,0.7975143212780479,0.38824610577327595,395,251,15962,252,16860,647,0.03837485172004745,,,,
Daegwallyeong,overall,XGBoost,42.0,0.8699999999999999,0.9705219454329774,0.8140224356759145,0.6096491228070176,0.6445131375579598,0.6265965439519159,0.9680882715618041,0.6386028739362979,417,267,15946,230,16860,647,0.03837485172004745,0.6401326699834162,28.536779324055665,,
Daegwallyeong,overall,1D-CNN,42.0,0.8099999999999999,0.958185053380783,0.8172532851163858,0.4684095860566449,0.6646058732612056,0.549520766773163,0.9556240813109025,0.5159828142019999,430,488,15725,217,16860,647,0.03837485172004745,0.5163934426229508,,12.0,57750.0
Daegwallyeong,overall,LSTM,42.0,0.9099999999999999,0.9661921708185054,0.7568662581241931,0.5632183908045977,0.5301391035548686,0.5461783439490446,0.9601247820384943,0.5481010797091007,343,266,15947,304,16860,647,0.03837485172004745,0.5467889908256881,,12.0,57750.0
Daegwallyeong,onset,No-Onset Baseline,,,0.9844578759097077,0.5,0.0,0.0,0.0,0.5,0.01554212409029234,0,0,15962,252,16214,252,0.01554212409029234,,,,
Daegwallyeong,onset,XGBoost-Onset,42.0,0.825,0.9747132108054768,0.6610389655590758,0.25914634146341464,0.3373015873015873,0.29310344827586204,0.9333217980004096,0.21651761059284821,85,243,15719,167,16214,252,0.01554212409029234,0.20618556701030927,70.32422360248447,,
Daegwallyeong,onset,1D-CNN-Onset,42.0,0.8749999999999999,0.9686690514370297,0.640393951507847,0.18627450980392157,0.30158730158730157,0.23030303030303031,0.9154261211647503,0.16740349879270447,76,332,15630,176,16214,252,0.01554212409029234,0.20512820512820512,,11.0,55813.0
Daegwallyeong,onset,LSTM-Onset,42.0,0.9149999999999999,0.9806340199827309,0.5878868065624111,0.2987012987012987,0.18253968253968253,0.22660098522167488,0.9233146480828476,0.21685495916338346,46,108,15854,206,16214,252,0.01554212409029234,0.18888888888888888,,13.0,55813.0
Baengnyeongdo,overall,Persistence,,,0.97492824087634,0.8622899590472917,0.7377450980392157,0.7377450980392157,0.7377450980392157,0.8622899590472917,0.556803709242722,602,214,16041,214,17071,816,0.04780036318903404,,,,
Baengnyeongdo,overall,XGBoost,42.0,0.83,0.973756663347197,0.891938000977075,0.6957446808510638,0.8014705882352942,0.744874715261959,0.9831661148002726,0.7800171651211096,654,286,15969,162,17071,816,0.04780036318903404,0.7521739130434782,14.02544080604534,,
Baengnyeongdo,overall,1D-CNN,42.0,0.63,0.9562415792865093,0.8827408308755678,0.5278450363196125,0.8014705882352942,0.6364963503649635,0.9744011269533959,0.651100855157479,654,585,15670,162,17071,816,0.04780036318903404,0.6515151515151515,,14.0,58601.0
Baengnyeongdo,overall,LSTM,42.0,0.8499999999999999,0.9697732997481109,0.8752967035783862,0.6565762004175365,0.7708333333333334,0.7091319052987599,0.9813356825350872,0.7331975330516215,629,329,15926,187,17071,816,0.04780036318903404,0.7263045793397231,,12.0,58601.0
Baengnyeongdo,onset,No-Onset Baseline,,,0.9868348200553676,0.5,0.0,0.0,0.0,0.5,0.01316517994463242,0,0,16041,214,16255,214,0.01316517994463242,,,,
Baengnyeongdo,onset,XGBoost-Onset,42.0,0.8949999999999999,0.9754537065518302,0.71323498138823,0.25333333333333335,0.4439252336448598,0.3225806451612903,0.9545047241676848,0.2603199203213642,95,280,15761,119,16255,214,0.01316517994463242,0.34285714285714286,67.48462484624847,,
Baengnyeongdo,onset,1D-CNN-Onset,42.0,0.8599999999999999,0.9765610581359582,0.6400271325755789,0.2150170648464164,0.29439252336448596,0.2485207100591716,0.9211879372192867,0.181253529206184,63,230,15811,151,16255,214,0.01316517994463242,0.22377622377622378,,3.0,54671.0
Baengnyeongdo,onset,LSTM-Onset,42.0,0.8799999999999999,0.9742848354352507,0.687284685796385,0.22580645161290322,0.3925233644859813,0.28668941979522183,0.9532349056477357,0.21907411470694346,84,288,15753,130,16255,214,0.01316517994463242,0.3279742765273312,,5.0,54671.0
Incheon,overall,Persistence,,,0.9905243576328334,0.8361930146683045,0.6798418972332015,0.6771653543307087,0.6785009861932939,0.8361930146683045,0.4651322667999948,172,81,16867,82,17202,254,0.014765724915707476,,,,
Incheon,overall,XGBoost,42.0,0.9349999999999999,0.9904080920823161,0.8264390010016744,0.6816326530612244,0.65748031496063,0.6693386773547094,0.9851244845279401,0.7038538685522953,167,78,16870,87,17202,254,0.014765724915707476,0.5589519650655022,52.68755595344673,,
Incheon,overall,1D-CNN,42.0,0.7749999999999999,0.980816184164632,0.8235101719200371,0.4077669902912621,0.6614173228346457,0.5045045045045045,0.9704921863820598,0.4845493479510477,168,244,16704,86,17202,254,0.014765724915707476,0.3935483870967742,,3.0,58797.0
Incheon,overall,LSTM,42.0,0.8699999999999999,0.9839553540286013,0.8503103053527324,0.4713541666666667,0.7125984251968503,0.567398119122257,0.9796087708767345,0.6409602353218793,181,203,16745,73,17202,254,0.014765724915707476,0.5142857142857142,,7.0,58797.0
Incheon,onset,No-Onset Baseline,,,0.9951619564576081,0.5,0.0,0.0,0.0,0.5,0.004838043542391882,0,0,16867,82,16949,82,0.004838043542391882,,,,
Incheon,onset,XGBoost-Onset,42.0,0.725,0.9801758215823942,0.7594588654133414,0.1286549707602339,0.5365853658536586,0.20754716981132076,0.952931615638561,0.11625151692190658,44,298,16569,38,16949,82,0.004838043542391882,0.23414634146341465,159.79508196721312,,
Incheon,onset,1D-CNN-Onset,42.0,0.845,0.9857808720278483,0.6166450002675161,0.10050251256281408,0.24390243902439024,0.1423487544483986,0.9401053001459048,0.06884453850088469,20,179,16688,62,16949,82,0.004838043542391882,0.2033898305084746,,7.0,57694.0
Incheon,onset,LSTM-Onset,42.0,0.735,0.971679745117706,0.7673260096566106,0.09387755102040816,0.5609756097560976,0.16083916083916083,0.9536090822460368,0.11789453469423437,46,444,16423,36,16949,82,0.004838043542391882,0.20905923344947736,,7.0,57694.0
Ganghwa,overall,Persistence,,,0.9894055326662743,0.7788722731774136,0.5631067961165048,0.5631067961165048,0.5631067961165048,0.7788722731774136,0.3223864974994578,116,90,16694,90,16990,206,0.012124779281930547,,,,
Ganghwa,overall,XGBoost,42.0,0.8649999999999999,0.9874043555032372,0.8258072875692986,0.4857142857142857,0.6601941747572816,0.5596707818930041,0.9772847695910114,0.5626811663926639,136,144,16640,70,16990,206,0.012124779281930547,0.5378151260504201,60.7545045045045,,
Ganghwa,overall,1D-CNN,42.0,0.9299999999999999,0.9824602707474985,0.7250117425749905,0.33687943262411346,0.46116504854368934,0.38934426229508196,0.9565458203374458,0.33760205822897266,95,187,16597,111,16990,206,0.012124779281930547,0.38461538461538464,,3.0,52295.0
Ganghwa,overall,LSTM,42.0,0.8999999999999999,0.9821659799882284,0.784797645931863,0.3560830860534125,0.5825242718446602,0.4419889502762431,0.967641686025526,0.4386705038734816,120,217,16567,86,16990,206,0.012124779281930547,0.4090909090909091,,3.0,52295.0
Ganghwa,onset,No-Onset Baseline,,,0.9946377502383222,0.5,0.0,0.0,0.0,0.5,0.005362249761677788,0,0,16694,90,16784,90,0.005362249761677788,,,,
Ganghwa,onset,XGBoost-Onset,42.0,0.8899999999999999,0.9907054337464252,0.652740172783302,0.22950819672131148,0.3111111111111111,0.2641509433962264,0.9502216365161135,0.15455083502020156,28,94,16600,62,16784,90,0.005362249761677788,0.32727272727272727,147.62809917355372,,
Ganghwa,onset,1D-CNN-Onset,42.0,0.9299999999999999,0.9834366062917064,0.676714188730482,0.12992125984251968,0.36666666666666664,0.19186046511627908,0.9428231034436857,0.12160269534537434,33,221,16473,57,16784,90,0.005362249761677788,0.19047619047619047,,9.0,51419.0
Ganghwa,onset,LSTM-Onset,42.0,0.9249999999999999,0.9811725452812202,0.6700504505943586,0.1103448275862069,0.35555555555555557,0.16842105263157894,0.9544154253690613,0.17230044536245118,32,258,16436,58,16784,90,0.005362249761677788,0.20833333333333334,,5.0,51419.0
Dongducheon,overall,Persistence,,,0.990953457921676,0.8172136473866849,0.6509433962264151,0.6388888888888888,0.6448598130841121,0.8172136473866849,0.42052280763221506,69,37,8256,39,8401,108,0.012855612427092013,,,,
Dongducheon,overall,XGBoost,42.0,0.9199999999999999,0.990953457921676,0.8217829852039427,0.6481481481481481,0.6481481481481481,0.6481481481481481,0.9801729258500027,0.6812312856855668,70,38,8255,38,8401,108,0.012855612427092013,0.6326530612244898,45.16865079365079,,
Dongducheon,overall,1D-CNN,42.0,0.9299999999999999,0.99047732412808,0.7986951288681663,0.6372549019607843,0.6018518518518519,0.6190476190476191,0.9741906382446597,0.6287149108535309,65,37,8256,43,8401,108,0.012855612427092013,0.5747126436781609,,8.0,43196.0
Dongducheon,overall,LSTM,42.0,0.9099999999999999,0.988691822402095,0.8434841298551656,0.5474452554744526,0.6944444444444444,0.6122448979591837,0.9844715087691093,0.6373813602190224,75,62,8231,33,8401,108,0.012855612427092013,0.5979381443298969,,12.0,43196.0
Dongducheon,onset,No-Onset Baseline,,,0.9952983725135623,0.5,0.0,0.0,0.0,0.5,0.004701627486437613,0,0,8256,39,8295,39,0.004701627486437613,,,,
Dongducheon,onset,XGBoost-Onset,42.0,0.9299999999999999,0.9921639541892706,0.6387848464519976,0.22916666666666666,0.28205128205128205,0.25287356321839083,0.9493018286622938,0.12197764169458687,11,37,8219,28,8295,39,0.004701627486437613,0.26666666666666666,112.53366583541147,,
Dongducheon,onset,1D-CNN-Onset,42.0,0.8999999999999999,0.9907172995780591,0.5997782498509243,0.14814814814814814,0.20512820512820512,0.17204301075268819,0.9281703438680183,0.10041915879365282,8,46,8210,31,8295,39,0.004701627486437613,0.1951219512195122,,5.0,42223.0
Dongducheon,onset,LSTM-Onset,42.0,0.9249999999999999,0.9883062085593731,0.6496068127608825,0.14634146341463414,0.3076923076923077,0.19834710743801653,0.9632559381832637,0.2285114188398066,12,70,8186,27,8295,39,0.004701627486437613,0.3333333333333333,,13.0,42223.0
Paju,overall,Persistence,,,0.9828646486357394,0.8114858274997194,0.6333333333333333,0.6317135549872123,0.6325224071702945,0.8114858274997194,0.4086827797025405,247,143,16215,144,16749,391,0.023344677294166817,,,,
Paju,overall,XGBoost,42.0,0.9349999999999999,0.9789241148725297,0.8793680184641035,0.5334507042253521,0.7749360613810742,0.6319082377476538,0.978007898088455,0.6906330021791319,303,265,16093,88,16749,391,0.023344677294166817,0.7108433734939759,49.48311156601842,,
Paju,overall,1D-CNN,42.0,0.945,0.9577885246880411,0.8498245303532939,0.32286995515695066,0.7365728900255755,0.4489477786438036,0.9623486822500015,0.4525961124705528,288,604,15754,103,16749,391,0.023344677294166817,0.5830903790087464,,6.0,47217.0
Paju,overall,LSTM,42.0,0.95,0.9754612215654666,0.8476382345280111,0.4826989619377163,0.7135549872122762,0.5758513931888545,0.974472785866368,0.5819271054675687,279,299,16059,112,16749,391,0.023344677294166817,0.6586102719033232,,8.0,47217.0
Paju,onset,No-Onset Baseline,,,0.991197505960022,0.5,0.0,0.0,0.0,0.5,0.008802494039977994,0,0,16215,144,16359,144,0.008802494039977994,,,,
Paju,onset,XGBoost-Onset,42.0,0.94,0.9734702610183996,0.7698099753314832,0.17920353982300885,0.5625,0.27181208053691275,0.9425056532017678,0.17734474915622145,81,371,15844,63,16359,144,0.008802494039977994,0.24615384615384617,147.74461538461537,,
Paju,onset,1D-CNN-Onset,42.0,0.9349999999999999,0.9744483159117305,0.6739445215335595,0.1394736842105263,0.3680555555555556,0.20229007633587787,0.9261220748963579,0.1295834298665379,53,327,15888,91,16359,144,0.008802494039977994,0.24347826086956523,,5.0,46287.0
Paju,onset,LSTM-Onset,42.0,0.95,0.974264930619231,0.735796972967417,0.16945107398568018,0.4930555555555556,0.2522202486678508,0.9372426080104157,0.1749696409309307,71,348,15867,73,16359,144,0.008802494039977994,0.22857142857142856,,5.0,46287.0
Cheorwon,overall,Persistence,,,0.9897766593268323,0.8105438487015793,0.6046511627906976,0.6265060240963856,0.6153846153846154,0.8105438487015793,0.3836933430555363,52,34,6241,31,6358,83,0.013054419628814092,,,,
Cheorwon,overall,XGBoost,42.0,0.9249999999999999,0.9874174268637936,0.7261268180290884,0.5205479452054794,0.4578313253012048,0.48717948717948717,0.9792886286180579,0.4952554499106508,38,35,6240,45,6358,83,0.013054419628814092,0.6071428571428571,73.40985915492958,,
Cheorwon,overall,1D-CNN,42.0,0.8099999999999999,0.9782950613400441,0.7155608889742235,0.2868217054263566,0.4457831325301205,0.3490566037735849,0.9399337589401431,0.27191202773800077,37,92,6183,46,6358,83,0.013054419628814092,0.35714285714285715,,10.0,49480.0
Cheorwon,overall,LSTM,42.0,0.8699999999999999,0.9820698332809059,0.6877511640186242,0.3368421052631579,0.3855421686746988,0.3595505617977528,0.965105361685787,0.3124628314451823,32,63,6212,51,6358,83,0.013054419628814092,0.43478260869565216,,5.0,49480.0
Cheorwon,onset,No-Onset Baseline,,,0.9950573979591837,0.5,0.0,0.0,0.0,0.5,0.004942602040816327,0,0,6241,31,6272,31,0.004942602040816327,,,,
Cheorwon,onset,XGBoost-Onset,42.0,0.82,0.9893176020408163,0.5613115143871692,0.09090909090909091,0.12903225806451613,0.10666666666666667,0.9523029291211603,0.07745079711638883,4,40,6201,27,6272,31,0.004942602040816327,0.3076923076923077,192.03333333333333,,
Cheorwon,onset,1D-CNN-Onset,42.0,0.73,0.9494579081632653,0.7017718417747363,0.044585987261146494,0.45161290322580644,0.08115942028985507,0.8850266965074869,0.036204099390719086,14,300,5941,17,6272,31,0.004942602040816327,0.11538461538461539,,4.0,48826.0
Cheorwon,onset,LSTM-Onset,42.0,0.7799999999999999,0.9770408163265306,0.7316807170066832,0.1048951048951049,0.4838709677419355,0.1724137931034483,0.9197399093404179,0.10326106268114656,15,128,6113,16,6272,31,0.004942602040816327,0.21428571428571427,,11.0,48826.0
Chuncheon,overall,Persistence,,,0.9919315700072798,0.7841727103739875,0.5833333333333334,0.5723270440251572,0.5777777777777777,0.7841727103739875,0.33798265467511346,91,65,16260,68,16484,159,0.009645717058966271,,,,
Chuncheon,overall,XGBoost,42.0,0.8849999999999999,0.9908396020383402,0.6684024386720218,0.54,0.33962264150943394,0.416988416988417,0.9761913567761757,0.389863737980352,54,46,16279,105,16484,159,0.009645717058966271,0.5148514851485149,104.65663716814159,,
Chuncheon,overall,1D-CNN,42.0,0.9299999999999999,0.9857437515166222,0.6004351469270999,0.2323943661971831,0.20754716981132076,0.21926910299003322,0.9631398383850058,0.1867974622562849,33,109,16216,126,16484,159,0.009645717058966271,0.3181818181818182,,5.0,58326.0
Chuncheon,overall,LSTM,42.0,0.8949999999999999,0.9881096821159913,0.7012784728442505,0.38922155688622756,0.4088050314465409,0.3987730061349693,0.9615864852109759,0.28739746868465005,65,102,16223,94,16484,159,0.009645717058966271,0.3939393939393939,,3.0,58326.0
Chuncheon,onset,No-Onset Baseline,,,0.9958353748162665,0.5,0.0,0.0,0.0,0.5,0.004164625183733464,0,0,16260,68,16328,68,0.004164625183733464,,,,
Chuncheon,onset,XGBoost-Onset,42.0,0.9099999999999999,0.9948554630083293,0.5214745676868533,0.13636363636363635,0.04411764705882353,0.06666666666666667,0.947456768685334,0.10460874578043974,3,19,16241,65,16328,68,0.004164625183733464,0.2857142857142857,283.27403846153845,,
Chuncheon,onset,1D-CNN-Onset,42.0,0.9199999999999999,0.993875551200392,0.5356269445047391,0.11904761904761904,0.07352941176470588,0.09090909090909091,0.91037641994067,0.054048217374900204,5,37,16223,63,16328,68,0.004164625183733464,0.19718309859154928,,3.0,57791.0
Chuncheon,onset,LSTM-Onset,42.0,0.95,0.9924669279764822,0.600819405252876,0.1686746987951807,0.20588235294117646,0.18543046357615894,0.9476801606251357,0.10843168414853403,14,69,16191,54,16328,68,0.004164625183733464,0.21666666666666667,,5.0,57791.0
Inje,overall,Persistence,,,0.9962603293322878,0.6300150888195878,0.2619047619047619,0.2619047619047619,0.2619047619047619,0.6300150888195878,0.0704639396422461,11,31,16506,31,16579,42,0.002533325291030822,,,,
Inje,overall,XGBoost,42.0,0.94,0.9958381084504494,0.5110581754622391,0.034482758620689655,0.023809523809523808,0.028169014084507043,0.9172116206947191,0.05131602231829073,1,28,16509,41,16579,42,0.002533325291030822,0.6,252.6,,
Inje,overall,1D-CNN,42.0,0.945,0.9916158996320646,0.5445652893799474,0.0380952380952381,0.09523809523809523,0.05442176870748299,0.8830760459229953,0.029731421411435685,4,101,16436,38,16579,42,0.002533325291030822,0.2222222222222222,,11.0,30071.0
Inje,overall,LSTM,42.0,0.9199999999999999,0.9933047831594185,0.5216628224731267,0.0273972602739726,0.047619047619047616,0.034782608695652174,0.8689864287010082,0.027624413779459536,2,71,16466,40,16579,42,0.002533325291030822,0.3157894736842105,,5.0,30071.0
Inje,onset,No-Onset Baseline,,,0.9981254157344137,0.5,0.0,0.0,0.0,0.5,0.0018745842655862612,0,0,16506,31,16537,31,0.0018745842655862612,,,,
Inje,onset,XGBoost-Onset,42.0,0.9299999999999999,0.9966741246900889,0.49927299163940386,0.0,0.0,0.0,0.8435114503816794,0.01409690969705159,0,24,16482,31,16537,31,0.0018745842655862612,0.18181818181818182,692.4901960784314,,
Inje,onset,1D-CNN-Onset,42.0,0.5149999999999999,0.9570659732720566,0.6082216437424515,0.011510791366906475,0.25806451612903225,0.02203856749311295,0.7857963673033852,0.00788689490844111,8,687,15819,23,16537,31,0.0018745842655862612,0.02127659574468085,,1.0,29949.0
Inje,onset,LSTM-Onset,42.0,0.5399999999999999,0.9776259297333253,0.5541259678787381,0.011527377521613832,0.12903225806451613,0.021164021164021163,0.7987418064985166,0.008511853322042778,4,343,16163,27,16537,31,0.0018745842655862612,0.022988505747126436,,1.0,29949.0
Sokcho,overall,Persistence,,,0.9967542409210607,0.7778894097635103,0.5666666666666667,0.5573770491803278,0.5619834710743802,0.7778894097635103,0.31750049444365797,34,26,16242,27,16329,61,0.0037356849776471308,,,,
Sokcho,overall,XGBoost,42.0,0.8899999999999999,0.9960805928103375,0.7693853365956298,0.4782608695652174,0.5409836065573771,0.5076923076923077,0.9621292127358547,0.45723749905808647,33,36,16232,28,16329,61,0.0037356849776471308,0.38461538461538464,224.1954887218045,,
Sokcho,overall,1D-CNN,42.0,0.95,0.9873844081082737,0.7323569957313362,0.14285714285714285,0.47540983606557374,0.2196969696969697,0.95136484378464,0.10837687584756818,29,174,16094,32,16329,61,0.0037356849776471308,0.1650485436893204,,10.0,58703.0
Sokcho,overall,LSTM,42.0,0.95,0.9926511115193827,0.7594981800739257,0.2601626016260163,0.5245901639344263,0.34782608695652173,0.9537762962186653,0.22124818313173858,32,91,16177,29,16329,61,0.0037356849776471308,0.24285714285714285,,14.0,58703.0
Sokcho,onset,No-Onset Baseline,,,0.9983404019915176,0.5,0.0,0.0,0.0,0.5,0.00165959800848239,0,0,16242,27,16269,27,0.00165959800848239,,,,
Sokcho,onset,XGBoost-Onset,42.0,0.9149999999999999,0.9979716024340771,0.5922539643448399,0.3125,0.18518518518518517,0.23255813953488372,0.9261015109432792,0.16035391556711967,5,11,16231,22,16269,27,0.00165959800848239,0.3181818181818182,526.7522123893805,,
Sokcho,onset,1D-CNN-Onset,42.0,0.8699999999999999,0.9799004241194911,0.6386665572110715,0.02531645569620253,0.2962962962962963,0.04664723032069971,0.8921383518723748,0.01561387073687294,8,308,15934,19,16269,27,0.00165959800848239,0.06666666666666667,,10.0,58445.0
Sokcho,onset,LSTM-Onset,42.0,0.95,0.9916405433646813,0.5890831725704279,0.04201680672268908,0.18518518518518517,0.0684931506849315,0.9091153707580256,0.025571739160670136,5,114,16128,22,16269,27,0.00165959800848239,0.14516129032258066,,13.0,58445.0
Seoul,overall,Persistence,,,0.9963903120633442,0.72230891188251,0.44642857142857145,0.44642857142857145,0.44642857142857145,0.72230891188251,0.201103313356083,25,31,17089,31,17176,56,0.0032603632976245926,,,,
Seoul,overall,XGBoost,42.0,0.09,0.9764788076385654,0.8903079105473966,0.10273972602739725,0.8035714285714286,0.18218623481781376,0.9755684662883845,0.2615726993476213,45,393,16727,11,17176,56,0.0032603632976245926,0.04285714285714286,672.2247191011236,,
Seoul,overall,1D-CNN,42.0,0.8499999999999999,0.9514438751746623,0.8421520360480641,0.047674418604651166,0.7321428571428571,0.08951965065502183,0.9343823014018692,0.17201839312436737,41,819,16301,15,17176,56,0.0032603632976245926,0.032520325203252036,,5.0,58743.0
Seoul,overall,LSTM,42.0,0.5449999999999999,0.9239054494643689,0.8817339786381843,0.03494423791821561,0.8392857142857143,0.06709493219129194,0.9596962616822429,0.29422021006792554,47,1298,15822,9,17176,56,0.0032603632976245926,0.033962264150943396,,5.0,58743.0
Seoul,onset,No-Onset Baseline,,,0.9981892523364486,0.5,0.0,0.0,0.0,0.5,0.001810747663551402,0,0,17089,31,17120,31,0.001810747663551402,,,,
Seoul,onset,XGBoost-Onset,42.0,0.09999999999999999,0.9705607476635514,0.7598568405633506,0.03353057199211045,0.5483870967741935,0.06319702602230483,0.9529182137538013,0.0760849906613421,17,490,16599,14,17120,31,0.001810747663551402,0.03296703296703297,1086.8181818181818,,
Seoul,onset,1D-CNN-Onset,42.0,0.615,0.9966705607476636,0.5797381450810651,0.1388888888888889,0.16129032258064516,0.14925373134328357,0.8694934866609156,0.10947106325314872,5,31,17058,26,17120,31,0.001810747663551402,0.11764705882352941,,1.0,58656.0
Seoul,onset,LSTM-Onset,42.0,0.8899999999999999,0.9772196261682243,0.7631923195264261,0.043256997455470736,0.5483870967741935,0.08018867924528301,0.9379434799597552,0.17823022975854255,17,376,16713,14,17120,31,0.001810747663551402,0.035398230088495575,,7.0,58656.0
