station,model,transition,n_positive,n_detected,recall
Taebaek,Persistence,0->1,58,0,0.0
Taebaek,Persistence,1->1,88,88,1.0
Taebaek,Persistence,false_alarm,16639,59,
Taebaek,XGBoost,0->1,58,7,0.1206896551724138
Taebaek,XGBoost,1->1,88,86,0.9772727272727273
Taebaek,XGBoost,false_alarm,16639,79,
Taebaek,1D-CNN,0->1,58,12,0.20689655172413793
Taebaek,1D-CNN,1->1,88,52,0.5909090909090909
Taebaek,1D-CNN,false_alarm,16639,156,
Taebaek,LSTM,0->1,58,7,0.1206896551724138
Taebaek,LSTM,1->1,88,62,0.7045454545454546
Taebaek,LSTM,false_alarm,16639,65,
Daegwallyeong,Persistence,0->1,252,0,0.0
Daegwallyeong,Persistence,1->1,395,395,1.0
Daegwallyeong,Persistence,false_alarm,16213,251,
Daegwallyeong,XGBoost,0->1,252,46,0.18253968253968253
Daegwallyeong,XGBoost,1->1,395,371,0.9392405063291139
Daegwallyeong,XGBoost,false_alarm,16213,267,
Daegwallyeong,1D-CNN,0->1,252,81,0.32142857142857145
Daegwallyeong,1D-CNN,1->1,395,349,0.8835443037974684
Daegwallyeong,1D-CNN,false_alarm,16213,488,
Daegwallyeong,LSTM,0->1,252,54,0.21428571428571427
Daegwallyeong,LSTM,1->1,395,289,0.7316455696202532
Daegwallyeong,LSTM,false_alarm,16213,266,
Baengnyeongdo,Persistence,0->1,214,0,0.0
Baengnyeongdo,Persistence,1->1,602,602,1.0
Baengnyeongdo,Persistence,false_alarm,16255,214,
Baengnyeongdo,XGBoost,0->1,214,57,0.26635514018691586
Baengnyeongdo,XGBoost,1->1,602,597,0.9916943521594684
Baengnyeongdo,XGBoost,false_alarm,16255,286,
Baengnyeongdo,1D-CNN,0->1,214,103,0.48130841121495327
Baengnyeongdo,1D-CNN,1->1,602,551,0.915282392026578
Baengnyeongdo,1D-CNN,false_alarm,16255,585,
Baengnyeongdo,LSTM,0->1,214,64,0.29906542056074764
Baengnyeongdo,LSTM,1->1,602,565,0.9385382059800664
Baengnyeongdo,LSTM,false_alarm,16255,329,
Incheon,Persistence,0->1,82,0,0.0
Incheon,Persistence,1->1,172,172,1.0
Incheon,Persistence,false_alarm,16948,81,
Incheon,XGBoost,0->1,82,8,0.0975609756097561
Incheon,XGBoost,1->1,172,159,0.9244186046511628
Incheon,XGBoost,false_alarm,16948,78,
Incheon,1D-CNN,0->1,82,26,0.3170731707317073
Incheon,1D-CNN,1->1,172,142,0.8255813953488372
Incheon,1D-CNN,false_alarm,16948,244,
Incheon,LSTM,0->1,82,19,0.23170731707317074
Incheon,LSTM,1->1,172,162,0.9418604651162791
Incheon,LSTM,false_alarm,16948,203,
Ganghwa,Persistence,0->1,90,0,0.0
Ganghwa,Persistence,1->1,116,116,1.0
Ganghwa,Persistence,false_alarm,16784,90,
Ganghwa,XGBoost,0->1,90,26,0.28888888888888886
Ganghwa,XGBoost,1->1,116,110,0.9482758620689655
Ganghwa,XGBoost,false_alarm,16784,144,
Ganghwa,1D-CNN,0->1,90,24,0.26666666666666666
Ganghwa,1D-CNN,1->1,116,71,0.6120689655172413
Ganghwa,1D-CNN,false_alarm,16784,187,
Ganghwa,LSTM,0->1,90,32,0.35555555555555557
Ganghwa,LSTM,1->1,116,88,0.7586206896551724
Ganghwa,LSTM,false_alarm,16784,217,
Dongducheon,Persistence,0->1,39,0,0.0
Dongducheon,Persistence,1->1,69,69,1.0
Dongducheon,Persistence,false_alarm,8293,37,
Dongducheon,XGBoost,0->1,39,7,0.1794871794871795
Dongducheon,XGBoost,1->1,69,63,0.9130434782608695
Dongducheon,XGBoost,false_alarm,8293,38,
Dongducheon,1D-CNN,0->1,39,9,0.23076923076923078
Dongducheon,1D-CNN,1->1,69,56,0.8115942028985508
Dongducheon,1D-CNN,false_alarm,8293,37,
Dongducheon,LSTM,0->1,39,13,0.3333333333333333
Dongducheon,LSTM,1->1,69,62,0.8985507246376812
Dongducheon,LSTM,false_alarm,8293,62,
Paju,Persistence,0->1,144,0,0.0
Paju,Persistence,1->1,247,247,1.0
Paju,Persistence,false_alarm,16358,143,
Paju,XGBoost,0->1,144,62,0.4305555555555556
Paju,XGBoost,1->1,247,241,0.9757085020242915
Paju,XGBoost,false_alarm,16358,265,
Paju,1D-CNN,0->1,144,80,0.5555555555555556
Paju,1D-CNN,1->1,247,208,0.8421052631578947
Paju,1D-CNN,false_alarm,16358,604,
Paju,LSTM,0->1,144,56,0.3888888888888889
Paju,LSTM,1->1,247,223,0.902834008097166
Paju,LSTM,false_alarm,16358,299,
Cheorwon,Persistence,0->1,31,0,0.0
Cheorwon,Persistence,1->1,52,52,1.0
Cheorwon,Persistence,false_alarm,6275,34,
Cheorwon,XGBoost,0->1,31,2,0.06451612903225806
Cheorwon,XGBoost,1->1,52,36,0.6923076923076923
Cheorwon,XGBoost,false_alarm,6275,35,
Cheorwon,1D-CNN,0->1,31,6,0.1935483870967742
Cheorwon,1D-CNN,1->1,52,31,0.5961538461538461
Cheorwon,1D-CNN,false_alarm,6275,92,
Cheorwon,LSTM,0->1,31,4,0.12903225806451613
Cheorwon,LSTM,1->1,52,28,0.5384615384615384
Cheorwon,LSTM,false_alarm,6275,63,
Chuncheon,Persistence,0->1,68,0,0.0
Chuncheon,Persistence,1->1,91,91,1.0
Chuncheon,Persistence,false_alarm,16325,65,
Chuncheon,XGBoost,0->1,68,3,0.04411764705882353
Chuncheon,XGBoost,1->1,91,51,0.5604395604395604
Chuncheon,XGBoost,false_alarm,16325,46,
Chuncheon,1D-CNN,0->1,68,9,0.1323529411764706
Chuncheon,1D-CNN,1->1,91,24,0.26373626373626374
Chuncheon,1D-CNN,false_alarm,16325,109,
Chuncheon,LSTM,0->1,68,15,0.22058823529411764
Chuncheon,LSTM,1->1,91,50,0.5494505494505495
Chuncheon,LSTM,false_alarm,16325,102,
Inje,Persistence,0->1,31,0,0.0
Inje,Persistence,1->1,11,11,1.0
Inje,Persistence,false_alarm,16537,31,
Inje,XGBoost,0->1,31,0,0.0
Inje,XGBoost,1->1,11,1,0.09090909090909091
Inje,XGBoost,false_alarm,16537,28,
Inje,1D-CNN,0->1,31,1,0.03225806451612903
Inje,1D-CNN,1->1,11,3,0.2727272727272727
Inje,1D-CNN,false_alarm,16537,101,
Inje,LSTM,0->1,31,1,0.03225806451612903
Inje,LSTM,1->1,11,1,0.09090909090909091
Inje,LSTM,false_alarm,16537,71,
Sokcho,Persistence,0->1,27,0,0.0
Sokcho,Persistence,1->1,34,34,1.0
Sokcho,Persistence,false_alarm,16268,26,
Sokcho,XGBoost,0->1,27,5,0.18518518518518517
Sokcho,XGBoost,1->1,34,28,0.8235294117647058
Sokcho,XGBoost,false_alarm,16268,36,
Sokcho,1D-CNN,0->1,27,9,0.3333333333333333
Sokcho,1D-CNN,1->1,34,20,0.5882352941176471
Sokcho,1D-CNN,false_alarm,16268,174,
Sokcho,LSTM,0->1,27,5,0.18518518518518517
Sokcho,LSTM,1->1,34,27,0.7941176470588235
Sokcho,LSTM,false_alarm,16268,91,
Seoul,Persistence,0->1,31,0,0.0
Seoul,Persistence,1->1,25,25,1.0
Seoul,Persistence,false_alarm,17120,31,
Seoul,XGBoost,0->1,31,20,0.6451612903225806
Seoul,XGBoost,1->1,25,25,1.0
Seoul,XGBoost,false_alarm,17120,393,
Seoul,1D-CNN,0->1,31,19,0.6129032258064516
Seoul,1D-CNN,1->1,25,22,0.88
Seoul,1D-CNN,false_alarm,17120,819,
Seoul,LSTM,0->1,31,23,0.7419354838709677
Seoul,LSTM,1->1,25,24,0.96
Seoul,LSTM,false_alarm,17120,1298,
